query,No-PS,PS1k,PS10k
Q1,0,0.904336414151286,1.14355122441571Q2,0,0.329478384179059,0.462804691093055Q3,0,-0.140275129901686,-0.0249990654554971Q4,0,0.874025639373832,1.19994846357019Q5,0,-0.101180371876357,-0.000473727843353977